construct,items,n_items,complete_n,cronbach_alpha,interpretation
ad_attitude_all_4_items,ad_att_1;ad_att_2;ad_att_3;ad_att_4,4,4987,0.25058779317199315,measurement diagnostic
ad_attitude_core_2_items,ad_att_1;ad_att_2,2,4987,0.8228058815995611,measurement diagnostic
purchase_intention_all_3_items,intent_1;intent_2;intent_3,3,4695,0.6303101762606476,measurement diagnostic
purchase_intention_core_2_items,intent_2;intent_3,2,4695,0.7349881113372256,measurement diagnostic
persona_condition_extraversion,BFI_11;BFI_12;BFI_13,3,4987,0.02406995012972224,"diagnostic only: randomized persona inputs, not a reflective scale"
persona_condition_agreeableness,BFI_21;BFI_22;BFI_23,3,4987,0.0644193996690679,"diagnostic only: randomized persona inputs, not a reflective scale"
persona_condition_conscientiousness,BFI_31;BFI_32;BFI_33,3,4987,0.01967064215446107,"diagnostic only: randomized persona inputs, not a reflective scale"
persona_condition_neuroticism,BFI_41;BFI_42;BFI_43,3,4987,0.015554638177304847,"diagnostic only: randomized persona inputs, not a reflective scale"
persona_condition_openness,BFI_51;BFI_52;BFI_53,3,4987,-0.0046702470844558475,"diagnostic only: randomized persona inputs, not a reflective scale"
