configuration,outcome,predictor,beta_standardized,std_error_hc3,ci_95_low,ci_95_high,p_value,n,r_squared,adjusted_r_squared,run_fixed_effects
American__gemma2_9b,ad_attitude_all_items,extraversion,0.6481915705664681,0.01071685631251243,0.627186918166453,0.6691962229664833,0.0,5000,0.5407315804399933,0.5402717602361887,False
American__gemma2_9b,ad_attitude_all_items,agreeableness,0.17972703507489296,0.009486777748253836,0.16113329235897944,0.19832077779080648,4.855612012050407e-80,5000,0.5407315804399933,0.5402717602361887,False
American__gemma2_9b,ad_attitude_all_items,conscientiousness,0.13836344692739674,0.009664913527387886,0.11942056450002252,0.15730632935477099,1.737044307688902e-46,5000,0.5407315804399933,0.5402717602361887,False
American__gemma2_9b,ad_attitude_all_items,neuroticism,-0.0963854281059752,0.00972601310386553,-0.11544806350271626,-0.07732279270923413,3.7639886874464004e-23,5000,0.5407315804399933,0.5402717602361887,False
American__gemma2_9b,ad_attitude_all_items,openness,0.25745662088992655,0.009776047532796059,0.2382959198144946,0.2766173219653585,7.533691891629606e-153,5000,0.5407315804399933,0.5402717602361887,False
American__gemma2_9b,purchase_intention_all_items,ad_attitude_all_items,0.005486516207943682,0.02285503238820809,-0.03930852413844064,0.050281556554328,0.8102858753438605,5000,0.009597820110956334,0.008407671286735585,False
American__gemma2_9b,purchase_intention_all_items,extraversion,-0.019767182828050053,0.019041379386570287,-0.0570876006416912,0.017553234985591096,0.29921550999807667,5000,0.009597820110956334,0.008407671286735585,False
American__gemma2_9b,purchase_intention_all_items,agreeableness,-0.06414492898583699,0.01522579251498546,-0.09398693395128802,-0.034302924020385955,2.520989347330175e-05,5000,0.009597820110956334,0.008407671286735585,False
American__gemma2_9b,purchase_intention_all_items,conscientiousness,-0.03319034168647997,0.014115562184880645,-0.06085633519038155,-0.005524348182578388,0.01870644655012905,5000,0.009597820110956334,0.008407671286735585,False
American__gemma2_9b,purchase_intention_all_items,neuroticism,0.0584116478763652,0.014214971700729245,0.030550815301679798,0.0862724804510506,3.970942646484938e-05,5000,0.009597820110956334,0.008407671286735585,False
American__gemma2_9b,purchase_intention_all_items,openness,0.02866442917325702,0.01421590667109575,0.0008017640903266593,0.056527094256187384,0.04376202457102756,5000,0.009597820110956334,0.008407671286735585,False
Arab__jais-adaptive_7b,ad_attitude_all_items,extraversion,0.18405577576857865,0.014327820774736082,0.15597376307315114,0.21213778846400616,9.052570565313124e-38,4720,0.03826134247634294,0.03724125480395901,False
Arab__jais-adaptive_7b,ad_attitude_all_items,agreeableness,0.04395397655329534,0.01414322033035824,0.016233774080378502,0.07167417902621218,0.0018850016713032026,4720,0.03826134247634294,0.03724125480395901,False
Arab__jais-adaptive_7b,ad_attitude_all_items,conscientiousness,0.04345701145659878,0.014395137017131965,0.01524306135050079,0.07167096156269678,0.002537214613741958,4720,0.03826134247634294,0.03724125480395901,False
Arab__jais-adaptive_7b,ad_attitude_all_items,neuroticism,-0.014838834240556202,0.014420249545016427,-0.043102003996868504,0.013424335515756097,0.30346672310492107,4720,0.03826134247634294,0.03724125480395901,False
Arab__jais-adaptive_7b,ad_attitude_all_items,openness,0.02657083588141622,0.01440122153628999,-0.0016550396630947498,0.05479671142592719,0.0650316585414898,4720,0.03826134247634294,0.03724125480395901,False
Arab__jais-adaptive_7b,purchase_intention_all_items,ad_attitude_all_items,0.10479517776311822,0.020574097314012805,0.06447068801323086,0.1451196675130056,3.514217229278781e-07,4720,0.01122160611950418,0.009962817584964978,False
Arab__jais-adaptive_7b,purchase_intention_all_items,extraversion,-0.011738658693463758,0.015059445425582144,-0.04125462935475123,0.01777731196782371,0.4356922373168103,4720,0.01122160611950418,0.009962817584964978,False
Arab__jais-adaptive_7b,purchase_intention_all_items,agreeableness,0.0017068712721021156,0.014504026460975152,-0.026720498222225122,0.03013424076642935,0.9063191690309291,4720,0.01122160611950418,0.009962817584964978,False
Arab__jais-adaptive_7b,purchase_intention_all_items,conscientiousness,-0.01871193495075134,0.01462236329242881,-0.047371240372772336,0.009947370471269656,0.2006579637625816,4720,0.01122160611950418,0.009962817584964978,False
Arab__jais-adaptive_7b,purchase_intention_all_items,neuroticism,-0.009600054423720276,0.014546134868836982,-0.038109954880903026,0.01890984603346247,0.5092712374982387,4720,0.01122160611950418,0.009962817584964978,False
Arab__jais-adaptive_7b,purchase_intention_all_items,openness,-0.01826351537086786,0.014568549413297542,-0.04681734752792318,0.010290316786187456,0.20997790035573405,4720,0.01122160611950418,0.009962817584964978,False
Chinese__deepseek-r1_14b,ad_attitude_all_items,extraversion,0.2710636636384881,0.013601837813709725,0.244404551400062,0.2977227758769142,2.3055329452224704e-88,4982,0.11153842275982773,0.11064567599813135,False
Chinese__deepseek-r1_14b,ad_attitude_all_items,agreeableness,0.15926687757877261,0.013277937451832462,0.13324259838420544,0.1852911567733398,3.780982156620452e-33,4982,0.11153842275982773,0.11064567599813135,False
Chinese__deepseek-r1_14b,ad_attitude_all_items,conscientiousness,0.03816105594050037,0.013453980909285533,0.011791737909611279,0.06453037397138947,0.00456233046398076,4982,0.11153842275982773,0.11064567599813135,False
Chinese__deepseek-r1_14b,ad_attitude_all_items,neuroticism,-0.05326063560537328,0.01355561569953543,-0.07982915416472845,-0.026692117046018107,8.528357929648627e-05,4982,0.11153842275982773,0.11064567599813135,False
Chinese__deepseek-r1_14b,ad_attitude_all_items,openness,0.10024027810429217,0.013178031720124177,0.07441181054572236,0.12606874566286197,2.8135724610737947e-14,4982,0.11153842275982773,0.11064567599813135,False
Chinese__deepseek-r1_14b,purchase_intention_all_items,ad_attitude_all_items,0.5656684969411595,0.013033491958448966,0.5401233221098071,0.5912136717725119,0.0,4982,0.31628000957163127,0.31545542264850157,False
Chinese__deepseek-r1_14b,purchase_intention_all_items,extraversion,-0.016230708277644605,0.012215604179208845,-0.040172852518290905,0.007711435963001698,0.18395142293058941,4982,0.31628000957163127,0.31545542264850157,False
Chinese__deepseek-r1_14b,purchase_intention_all_items,agreeableness,-0.00585443400892929,0.012020979878878695,-0.029415121630412194,0.017706253612553614,0.6262455497122295,4982,0.31628000957163127,0.31545542264850157,False
Chinese__deepseek-r1_14b,purchase_intention_all_items,conscientiousness,0.053609107371364276,0.011827575024015385,0.030427486299848656,0.0767907284428799,5.827512474030659e-06,4982,0.31628000957163127,0.31545542264850157,False
Chinese__deepseek-r1_14b,purchase_intention_all_items,neuroticism,0.010041700449789035,0.01193888526101519,-0.013358084677356821,0.03344148557693489,0.4002964167630877,4982,0.31628000957163127,0.31545542264850157,False
Chinese__deepseek-r1_14b,purchase_intention_all_items,openness,-0.03179971199567084,0.01171751374862144,-0.05476561693132178,-0.008833807060019898,0.006650392011393286,4982,0.31628000957163127,0.31545542264850157,False
Southeast_Asian__sailor2_20b,ad_attitude_all_items,extraversion,0.43967252853997213,0.010617780014875821,0.41886206211504634,0.4604829949648979,0.0,4974,0.4234016520848666,0.4228213397379311,False
Southeast_Asian__sailor2_20b,ad_attitude_all_items,agreeableness,0.30762333229091054,0.010771469402463608,0.2865116402015067,0.3287350243803144,2.16629062402845e-179,4974,0.4234016520848666,0.4228213397379311,False
Southeast_Asian__sailor2_20b,ad_attitude_all_items,conscientiousness,0.23953547583792334,0.01073608013515523,0.21849314543788317,0.2605778062379635,2.8728826980198534e-110,4974,0.4234016520848666,0.4228213397379311,False
Southeast_Asian__sailor2_20b,ad_attitude_all_items,neuroticism,-0.1860549639884973,0.011017250801258519,-0.20764837876760905,-0.16446154920938555,5.5512401499780455e-64,4974,0.4234016520848666,0.4228213397379311,False
Southeast_Asian__sailor2_20b,ad_attitude_all_items,openness,0.19068450271079676,0.010997812981273105,0.1691291853587944,0.21223982006279912,2.4135403229585088e-67,4974,0.4234016520848666,0.4228213397379311,False
Southeast_Asian__sailor2_20b,purchase_intention_all_items,ad_attitude_all_items,0.11562050536435729,0.017095298589973777,0.08211433582305032,0.14912667490566428,1.3489048206128862e-11,4974,0.02433759214392306,0.023159018669565046,False
Southeast_Asian__sailor2_20b,purchase_intention_all_items,extraversion,-0.11678564300115372,0.016359970925265102,-0.14885059680279575,-0.0847206891995117,9.435526704752888e-13,4974,0.02433759214392306,0.023159018669565046,False
Southeast_Asian__sailor2_20b,purchase_intention_all_items,agreeableness,0.005973867927605671,0.015841044182197932,-0.02507400814701003,0.03702174400222137,0.7060894320540079,4974,0.02433759214392306,0.023159018669565046,False
Southeast_Asian__sailor2_20b,purchase_intention_all_items,conscientiousness,0.04629504719918824,0.014613524381773565,0.017653065723714095,0.07493702867466238,0.0015351312809684992,4974,0.02433759214392306,0.023159018669565046,False
Southeast_Asian__sailor2_20b,purchase_intention_all_items,neuroticism,0.045034316093236305,0.014430698107700424,0.016750667530373166,0.07331796465609944,0.0018040320498795448,4974,0.02433759214392306,0.023159018669565046,False
Southeast_Asian__sailor2_20b,purchase_intention_all_items,openness,0.0415184495638475,0.014880934355213798,0.012352354171323687,0.07068454495637132,0.005270101075709819,4974,0.02433759214392306,0.023159018669565046,False
